CREATE TABLE Cliente
(
  Id_cliente INT NOT NULL,
  NombreC VARCHAR(30) NOT NULL,
  Direccion VARCHAR(30),
  EmailC VARCHAR(255) NOT NULL,
  Num_celularC VARCHAR(15) NOT NULL,
  Saldo DECIMAL(10, 2) NOT NULL,
  PRIMARY KEY (Id_cliente)
);

CREATE TABLE Empleado
(
  Id_empleado INT NOT NULL,
  NombreE VARCHAR(30) NOT NULL,
  Cargo VARCHAR(15) NOT NULL,
  EmailE VARCHAR(255) NOT NULL,
  Num_celularE VARCHAR(15) NOT NULL,
  Horas_trabajadas INT NOT NULL,
  Supervisa_Id_empleado INT,
  PRIMARY KEY (Id_empleado)
);

ALTER TABLE Empleado
ADD CONSTRAINT fk_supervisa_empleado
FOREIGN KEY (Supervisa_Id_empleado) REFERENCES Empleado(Id_empleado);


CREATE TABLE Juego
(
  Id_juego INT NOT NULL,
  Titulo VARCHAR(100) NOT NULL,
  Genero VARCHAR(50) NOT NULL,
  Plataforma VARCHAR(50) NOT NULL,
  Precio DECIMAL(10, 2) NOT NULL,
  PRIMARY KEY (Id_juego)
);

CREATE TABLE Inventario
(
  Id_inventario INT NOT NULL,
  Stock INT NOT NULL,
  PRIMARY KEY (Id_inventario)
);

CREATE TABLE Pedido
(
  Id_pedido INT NOT NULL,
  Fecha_pedido DATE NOT NULL,
  Estado_pedido VARCHAR(50) NOT NULL,
  PRIMARY KEY (Id_pedido)
);

CREATE TABLE Ventas
(
  Id_venta INT NOT NULL,
  Fecha_venta DATE NOT NULL,
  Precio_total DECIMAL(10, 2) NOT NULL,
  Id_pedido INT NOT NULL,
  PRIMARY KEY (Id_venta),
  FOREIGN KEY (Id_pedido) REFERENCES Pedido(Id_pedido) ON DELETE CASCADE ON UPDATE CASCADE
);

CREATE TABLE VentaJuegoCliente
(
  Id_venta_cliente INT NOT NULL,
  Estado_venta VARCHAR(50) NOT NULL,
  Precio_venta DECIMAL(10, 2) NOT NULL,
  Fecha_venta DATE NOT NULL,
  PRIMARY KEY (Id_venta_cliente)
);


CREATE TABLE HistorialCompras
(
  Compras_realizadas INT NOT NULL,
  Id_historial INT NOT NULL,
  Id_cliente INT NOT NULL,
  Id_pedido INT NOT NULL,
  PRIMARY KEY (Id_historial, Id_cliente, Id_pedido),
  FOREIGN KEY (Id_cliente) REFERENCES Cliente(Id_cliente) ON DELETE CASCADE ON UPDATE CASCADE,
  FOREIGN KEY (Id_pedido) REFERENCES Pedido(Id_pedido) ON DELETE CASCADE ON UPDATE CASCADE
);

CREATE TABLE Realiza_pedido
(
  Id_cliente INT NOT NULL,
  Id_pedido INT NOT NULL,
  PRIMARY KEY (Id_cliente, Id_pedido),
  FOREIGN KEY (Id_cliente) REFERENCES Cliente(Id_cliente) ON DELETE CASCADE ON UPDATE CASCADE,
  FOREIGN KEY (Id_pedido) REFERENCES Pedido(Id_pedido) ON DELETE CASCADE ON UPDATE CASCADE
);

CREATE TABLE Pedido_Contiene
(
  Id_pedido INT NOT NULL,
  Id_juego INT NOT NULL,
  PRIMARY KEY (Id_pedido, Id_juego),
  FOREIGN KEY (Id_pedido) REFERENCES Pedido(Id_pedido) ON DELETE CASCADE ON UPDATE CASCADE,
  FOREIGN KEY (Id_juego) REFERENCES Juego(Id_juego) ON DELETE CASCADE ON UPDATE CASCADE
);

CREATE TABLE Hay_stock
(
  Id_inventario INT NOT NULL,
  Id_juego INT NOT NULL,
  PRIMARY KEY (Id_inventario, Id_juego),
  FOREIGN KEY (Id_inventario) REFERENCES Inventario(Id_inventario) ON DELETE CASCADE ON UPDATE CASCADE,
  FOREIGN KEY (Id_juego) REFERENCES Juego(Id_juego) ON DELETE CASCADE ON UPDATE CASCADE
);

CREATE TABLE Cliente_Vende_juego
(
  Cantidad_Juegos_vendidos INT NOT NULL,
  Id_cliente INT NOT NULL,
  Id_venta_cliente_ INT NOT NULL,
  PRIMARY KEY (Id_cliente, Id_venta_cliente_),
  FOREIGN KEY (Id_cliente) REFERENCES Cliente(Id_cliente) ON DELETE CASCADE ON UPDATE CASCADE,
  FOREIGN KEY (Id_venta_cliente_) REFERENCES VentaJuegoCliente(Id_venta_cliente_) ON DELETE CASCADE ON UPDATE CASCADE
);

CREATE TABLE VentaContiene_juego
(
  Id_venta_cliente_ INT NOT NULL,
  Id_juego INT NOT NULL,
  PRIMARY KEY (Id_venta_cliente_, Id_juego),
  FOREIGN KEY (Id_venta_cliente_) REFERENCES VentaJuegoCliente(Id_venta_cliente_) ON DELETE CASCADE ON UPDATE CASCADE,
  FOREIGN KEY (Id_juego) REFERENCES Juego(Id_juego) ON DELETE CASCADE ON UPDATE CASCADE
);

CREATE TABLE Detalles_Pedido
(
  Id_detalles INT NOT NULL,
  Cantidad INT NOT NULL,
  Precio_unitario DECIMAL(10, 2) NOT NULL,
  Id_pedido INT NOT NULL,
  Id_juego INT NOT NULL,
  PRIMARY KEY (Id_detalles, Id_pedido, Id_juego),
  FOREIGN KEY (Id_pedido) REFERENCES Pedido(Id_pedido) ON DELETE CASCADE ON UPDATE CASCADE,
  FOREIGN KEY (Id_juego) REFERENCES Juego(Id_juego) ON DELETE CASCADE ON UPDATE CASCADE
);

CREATE TABLE Compra_Juegos
(
  Id_cliente INT NOT NULL,
  Id_venta INT NOT NULL,
  PRIMARY KEY (Id_cliente, Id_venta),
  FOREIGN KEY (Id_cliente) REFERENCES Cliente(Id_cliente) ON DELETE CASCADE ON UPDATE CASCADE,
  FOREIGN KEY (Id_venta) REFERENCES Ventas(Id_venta) ON DELETE CASCADE ON UPDATE CASCADE
);

CREATE TABLE Realiza_venta
(
  Id_empleado INT NOT NULL,
  Id_venta INT NOT NULL,
  PRIMARY KEY (Id_empleado, Id_venta),
  FOREIGN KEY (Id_empleado) REFERENCES Empleado(Id_empleado) ON DELETE CASCADE ON UPDATE CASCADE,
  FOREIGN KEY (Id_venta) REFERENCES Ventas(Id_venta) ON DELETE CASCADE ON UPDATE CASCADE
);

--Registros para poblar la base de datos

--Clientes
INSERT INTO Cliente (Id_cliente, NombreC, Direccion, EmailC, Num_celularC, Saldo)
VALUES 
    (1, 'Juan Pérez', 'Calle 123, Ciudad A', 'juan@email.com', '1234567890', 150.00),
    (2, 'María García', 'Av. Principal, Ciudad B', 'maria@email.com', '9876543210', 200.00),
    (3, 'Carlos López', 'Calle Central, Ciudad C', 'carlos@email.com', '5551112233', 100.00),
    (4, 'Ana Martínez', 'Carrera 45, Ciudad D', 'ana@email.com', '7778889990', 120.00),
    (5, 'Sofía Ramírez', 'Av. Libertador, Ciudad E', 'sofia@email.com', '5552223334', 180.00),
    (6, 'Diego Hernández', 'Calle 67, Ciudad F', 'diego@email.com', '3339998887', 90.00),
    (7, 'Laura Castillo', 'Av. Bolívar, Ciudad G', 'laura@email.com', '4445556665', 210.00),
    (8, 'Pedro Díaz', 'Carrera 12, Ciudad H', 'pedro@email.com', '2227778880', 170.00),
    (9, 'Gabriela Vargas', 'Calle 78, Ciudad I', 'gabriela@email.com', '9993334442', 130.00),
    (10, 'Jorge Ruiz', 'Av. Central, Ciudad J', 'jorge@email.com', '8884445551', 190.00),
    (11, 'Fernanda Gómez', 'Calle 34, Ciudad K', 'fernanda@email.com', '6661112223', 160.00),
    (12, 'Andrés Castro', 'Av. Norte, Ciudad L', 'andres@email.com', '3337778884', 140.00),
    (13, 'Valentina Navarro', 'Carrera 56, Ciudad M', 'valentina@email.com', '2223334445', 220.00),
    (14, 'Ricardo Mendoza', 'Calle 89, Ciudad N', 'ricardo@email.com', '7771112226', 115.00),
    (15, 'Daniela Torres', 'Av. Sur, Ciudad O', 'daniela@email.com', '8889990007', 205.00),
    (16, 'Luis Rodríguez', 'Carrera 78, Ciudad Z', 'luis@email.com', '1112223334', 175.00);
    (16, 'Isabel Silva', 'Calle 56, Ciudad AA', 'isabel@email.com', '9998887776', 185.00),
    (17, 'Martín Gutiérrez', 'Av. 10, Ciudad BB', 'martin@email.com', '3337779998', 195.00),
    (18, 'Carmen Reyes', 'Carrera 23, Ciudad CC', 'carmen@email.com', '7773332221', 175.00),
    (19, 'Hugo Sánchez', 'Calle 90, Ciudad DD', 'hugo@email.com', '8884445557', 165.00),
    (20, 'Silvia Pérez', 'Av. 5, Ciudad EE', 'silvia@email.com', '1115557779', 225.00),
    (21, 'Raúl Hernández', 'Carrera 67, Ciudad FF', 'raul@email.com', '2224446662', 140.00),
    (22, 'Carolina Martínez', 'Calle 12, Ciudad GG', 'carolina@email.com', '9990001113', 200.00),
    (23, 'Roberto Gómez', 'Av. 20, Ciudad HH', 'roberto@email.com', '3336669994', 155.00),
    (24, 'Lucía Díaz', 'Carrera 78, Ciudad II', 'lucia@email.com', '4447770005', 210.00),
    (25, 'Eduardo Vargas', 'Calle 45, Ciudad JJ', 'eduardo@email.com', '6663330008', 180.00),
    (26, 'Adriana Ruiz', 'Av. 30, Ciudad KK', 'adriana@email.com', '8885552221', 170.00),
    (27, 'Óscar Castro', 'Carrera 10, Ciudad LL', 'oscar@email.com', '2229998880', 190.00),
    (28, 'Marisol Navarro', 'Calle 67, Ciudad MM', 'marisol@email.com', '5553331112', 205.00),
    (29, 'Gonzalo Mendoza', 'Av. 40, Ciudad NN', 'gonzalo@email.com', '7771113334', 195.00),
    (30, 'Valeria Torres', 'Carrera 56, Ciudad OO', 'valeria@email.com', '8887776665', 175.00),
    (31, 'Mateo López', 'Calle 78, Ciudad PP', 'mateo@email.com', '1119998883', 160.00),
    (32, 'Renata González', 'Av. 15, Ciudad QQ', 'renata@email.com', '4440006664', 185.00),
    (33, 'Arturo Sánchez', 'Carrera 90, Ciudad RR', 'arturo@email.com', '5554443337', 170.00),
    (34, 'Camila Rivera', 'Calle 20, Ciudad SS', 'camila@email.com', '6667778880', 195.00),
    (35, 'Bruno Fernández', 'Av. 25, Ciudad TT', 'bruno@email.com', '9998887772', 200.00);
    (36, 'Gabriel Silva', 'Calle 89, Ciudad UU', 'gabriel@email.com', '1112223334', 185.00),
    (37, 'Mariana Gutiérrez', 'Av. 30, Ciudad VV', 'mariana@email.com', '3334445556', 195.00),
    (38, 'Ricardo Reyes', 'Carrera 56, Ciudad WW', 'ricardo@email.com', '7778889990', 175.00),
    (39, 'Fernanda Sánchez', 'Calle 45, Ciudad XX', 'fernanda@email.com', '8889990001', 165.00),
    (40, 'Santiago Pérez', 'Av. 10, Ciudad YY', 'santiago@email.com', '1112223335', 225.00),
    (41, 'Luciana Hernández', 'Carrera 67, Ciudad ZZ', 'luciana@email.com', '2223334447', 140.00),
    (42, 'Diego Martínez', 'Calle 78, Ciudad AAA', 'diego@email.com', '9990001118', 200.00),
    (43, 'Valentina Gómez', 'Av. 5, Ciudad BBB', 'valentina@email.com', '3334445559', 155.00),
    (44, 'Matías Díaz', 'Carrera 12, Ciudad CCC', 'matias@email.com', '4445556660', 210.00),
    (45, 'Isabella Vargas', 'Calle 67, Ciudad DDD', 'isabella@email.com', '6667778881', 180.00),
    (46, 'Julián Ruiz', 'Av. 20, Ciudad EEE', 'julian@email.com', '8889990002', 170.00),
    (47, 'Ana Castro', 'Carrera 10, Ciudad FFF', 'ana@email.com', '2223334443', 190.00),
    (48, 'Manuel Navarro', 'Calle 78, Ciudad GGG', 'manuel@email.com', '5556667774', 205.00),
    (49, 'Carla Mendoza', 'Av. 15, Ciudad HHH', 'carla@email.com', '7778889995', 195.00),
    (50, 'Maximiliano Torres', 'Carrera 56, Ciudad III', 'maximiliano@email.com', '8889990006', 175.00),
    (51, 'Luna López', 'Calle 20, Ciudad JJJ', 'luna@email.com', '1112223337', 160.00),
    (52, 'Simón González', 'Av. 25, Ciudad KKK', 'simon@email.com', '4445556668', 185.00),
    (53, 'Alicia Sánchez', 'Carrera 90, Ciudad LLL', 'alicia@email.com', '5556667779', 170.00),
    (54, 'Lucas Rivera', 'Calle 34, Ciudad MMM', 'lucas@email.com', '6667778880', 195.00),
    (55, 'Valentino Fernández', 'Av. 40, Ciudad NNN', 'valentino@email.com', '9990001112', 200.00);
    (56, 'Martina Silva', 'Av. 10, Ciudad OOO', 'martina@email.com', '1112223334', 185.00),
    (57, 'Luciano Gutiérrez', 'Calle 56, Ciudad PPP', 'luciano@email.com', '3334445556', 195.00),
    (58, 'Gabriela Reyes', 'Carrera 78, Ciudad QQQ', 'gabriela@email.com', '7778889990', 175.00),
    (59, 'Javier Sánchez', 'Av. 30, Ciudad RRR', 'javier@email.com', '8889990001', 165.00),
    (60, 'Selena Pérez', 'Calle 45, Ciudad SSS', 'selena@email.com', '1112223335', 225.00),
    (61, 'Matías Hernández', 'Carrera 10, Ciudad TTT', 'matias@email.com', '2223334447', 140.00),
    (62, 'Ariana Martínez', 'Av. 20, Ciudad UUU', 'ariana@email.com', '9990001118', 200.00),
    (63, 'Facundo Gómez', 'Calle 78, Ciudad VVV', 'facundo@email.com', '3334445559', 155.00),
    (64, 'Abril Díaz', 'Carrera 56, Ciudad WWW', 'abril@email.com', '4445556660', 210.00),
    (65, 'Tomás Vargas', 'Av. 5, Ciudad XXX', 'tomas@email.com', '6667778881', 180.00),
    (66, 'Isadora Ruiz', 'Calle 67, Ciudad YYY', 'isadora@email.com', '8889990002', 170.00),
    (67, 'Santiago Castro', 'Carrera 12, Ciudad ZZZ', 'santiago_castro@email.com', '2223334443', 190.00),
    (68, 'Catalina Navarro', 'Av. 30, Ciudad AAAA', 'catalina@email.com', '5556667774', 205.00),
    (69, 'Gael Mendoza', 'Calle 45, Ciudad BBBB', 'gael@email.com', '7778889995', 195.00),
    (70, 'Martina Torres', 'Av. 10, Ciudad CCCC', 'martina_torres@email.com', '8889990006', 175.00),
    (71, 'Benjamín López', 'Carrera 56, Ciudad DDDD', 'benjamin@email.com', '1112223337', 160.00),
    (72, 'Aitana González', 'Av. 20, Ciudad EEEE', 'aitana@email.com', '4445556668', 185.00),
    (73, 'Facundo Sánchez', 'Calle 10, Ciudad FFFF', 'facundo_sanchez@email.com', '5556667779', 170.00),
    (74, 'Martina Rivera', 'Carrera 78, Ciudad GGGG', 'martina_rivera@email.com', '6667778880', 195.00),
    (75, 'Valentina Fernández', 'Av. 5, Ciudad HHHH', 'valentina_fernandez@email.com', '9990001112', 200.00);
    (76, 'Mateo Silva', 'Av. 10, Ciudad IIII', 'mateo@email.com', '1112223334', 185.00),
    (77, 'Valeria Gutiérrez', 'Calle 56, Ciudad JJJJ', 'valeria@email.com', '3334445556', 195.00),
    (78, 'Joaquín Reyes', 'Carrera 78, Ciudad KKKK', 'joaquin@email.com', '7778889990', 175.00),
    (79, 'Daniela Sánchez', 'Av. 30, Ciudad LLLL', 'daniela@email.com', '8889990001', 165.00),
    (80, 'Leonardo Pérez', 'Calle 45, Ciudad MMMM', 'leonardo@email.com', '1112223335', 225.00),
    (81, 'Isabella Hernández', 'Carrera 10, Ciudad NNNN', 'isabella@email.com', '2223334447', 140.00),
    (82, 'Juan Martínez', 'Av. 20, Ciudad OOOO', 'juan@email.com', '9990001118', 200.00),
    (83, 'Abril Gómez', 'Calle 78, Ciudad PPPP', 'abril@email.com', '3334445559', 155.00),
    (84, 'Hugo Díaz', 'Carrera 56, Ciudad QQQQ', 'hugo@email.com', '4445556660', 210.00),
    (85, 'Camila Vargas', 'Av. 5, Ciudad RRRR', 'camila@email.com', '6667778881', 180.00),
    (86, 'Lautaro Ruiz', 'Calle 67, Ciudad SSSS', 'lautaro@email.com', '8889990002', 170.00),
    (87, 'Emilia Castro', 'Carrera 12, Ciudad TTTT', 'emilia@email.com', '2223334443', 190.00),
    (88, 'Benicio Navarro', 'Av. 30, Ciudad UUUU', 'benicio@email.com', '5556667774', 205.00),
    (89, 'Renata Mendoza', 'Calle 45, Ciudad VVVV', 'renata@email.com', '7778889995', 195.00),
    (90, 'Diego Torres', 'Av. 10, Ciudad WWWW', 'diego_torres@email.com', '8889990006', 175.00),
    (91, 'Mía López', 'Carrera 56, Ciudad XXXX', 'mia@email.com', '1112223337', 160.00),
    (92, 'Santino González', 'Av. 20, Ciudad YYYY', 'santino@email.com', '4445556668', 185.00),
    (93, 'Abril Sánchez', 'Calle 10, Ciudad ZZZZ', 'abril_sanchez@email.com', '5556667779', 170.00),
    (94, 'Amelia Rivera', 'Carrera 78, Ciudad AAAAA', 'amelia@email.com', '6667778880', 195.00),
    (95, 'Dante Fernández', 'Av. 5, Ciudad BBBBB', 'dante@email.com', '9990001112', 200.00);
    (96, 'Lucas Silva', 'Av. 10, Ciudad CCCCC', 'lucas@email.com', '1112223334', 185.00),
    (97, 'Isabel Gutiérrez', 'Calle 56, Ciudad DDDDD', 'isabel@email.com', '3334445556', 195.00),
    (98, 'Agustín Reyes', 'Carrera 78, Ciudad EEEEE', 'agustin@email.com', '7778889990', 175.00),
    (99, 'Marina Sánchez', 'Av. 30, Ciudad FFFFF', 'marina@email.com', '8889990001', 165.00);
    (100, 'Natalia Fernández', 'Calle 123, Ciudad X', 'natalia@email.com', '9876543210', 175.00);

--Empleado
INSERT INTO Empleado (Id_empleado, NombreE, Cargo, EmailE, Num_celularE, Horas_trabajadas, Supervisa_Id_empleado)
VALUES 
    (1, 'Gabriel García', 'Gerente', 'gabriel@email.com', '2345678901', 40, NULL),
    (2, 'Julián Gómez', 'Asistente de Gerente', 'julian@email.com', '3456789012', 38, 1),
    (3, 'Victoria Martínez', 'Supervisor de Ventas', 'victoria@email.com', '4567890123', 42, 1),
    (4, 'Emilio Pérez', 'Asistente de Supervisor', 'emilio@email.com', '5678901234', 35, 3),
    (5, 'Isabella Gutiérrez', 'Cajero', 'isabella@email.com', '6789012345', 30, 3),
    (6, 'Martín Sánchez', 'Vendedor', 'martin_s@email.com', '7890123456', 38, 4),
    (7, 'Valeria González', 'Vendedor', 'valeria_g@email.com', '8901234567', 38, 4),
    (8, 'Lucas Pérez', 'Cajero', 'lucas_p@email.com', '9012345678', 30, 3),
    (9, 'Sofía Rodríguez', 'Vendedor', 'sofia_r@email.com', '0123456789', 38, 7),
    (10, 'Javier Pérez', 'Cajero', 'javier_p@email.com', '1234509876', 30, 3),
    (11, 'Renata Gómez', 'Vendedor', 'renata_g@email.com', '2345678901', 38, 9),
    (12, 'Marina Rodríguez', 'Cajero', 'marina_r@email.com', '3456789012', 30, 3);

--Juego
INSERT INTO Juego (Id_juego, Titulo, Género, Plataforma, Precio)
VALUES 
    (1, 'The Witcher 3: Wild Hunt', 'RPG', 'PC', 29.99),
    (2, 'Red Dead Redemption 2', 'Acción-Aventura', 'PlayStation', 49.99),
    (3, 'The Legend of Zelda: Breath of the Wild', 'Aventura', 'Nintendo Switch', 59.99),
    (4, 'FIFA 22', 'Deportes', 'Xbox', 59.99),
    (5, 'Cyberpunk 2077', 'RPG', 'PC', 39.99),
    (6, 'Super Mario Odyssey', 'Plataformas', 'Nintendo Switch', 49.99),
    (7, 'Call of Duty: Warzone', 'Shooter', 'PlayStation', 39.99),
    (8, 'Assassins Creed Valhalla', 'Acción-Aventura', 'Xbox', 59.99),
    (9, 'Minecraft', 'Sandbox', 'PC', 29.99),
    (10, 'Animal Crossing: New Horizons', 'Simulación', 'Nintendo Switch', 49.99),
    (11, 'GTA V', 'Acción-Aventura', 'PlayStation', 29.99),
    (12, 'Halo Infinite', 'Shooter', 'Xbox', 59.99),
    (13, 'Among Us', 'Estrategia', 'PC', 4.99),
    (14, 'The Last of Us Part II', 'Acción-Aventura', 'PlayStation', 59.99),
    (15, 'Mario Kart 8 Deluxe', 'Carreras', 'Nintendo Switch', 59.99),
    (16, 'Overwatch', 'Shooter', 'PC', 39.99),
    (17, 'Super Smash Bros. Ultimate', 'Lucha', 'Nintendo Switch', 59.99),
    (18, 'Far Cry 6', 'Acción-Aventura', 'PlayStation', 59.99),
    (19, 'Forza Horizon 5', 'Carreras', 'Xbox', 59.99),
    (20, 'Death Stranding', 'Aventura', 'PC', 49.99),
    (21, 'Ghost of Tsushima', 'Acción-Aventura', 'PlayStation', 49.99),
    (22, 'The Elder Scrolls V: Skyrim', 'RPG', 'PC', 39.99),
    (23, 'Pokémon Sword/Shield', 'RPG', 'Nintendo Switch', 59.99),
    (24, 'Resident Evil Village', 'Survival Horror', 'PlayStation', 59.99),
    (25, 'Final Fantasy VII Remake', 'RPG', 'PlayStation', 59.99);
    (26, 'Battlefield 2042', 'Shooter', 'PlayStation', 59.99),
    (27, 'Ratchet & Clank: Rift Apart', 'Acción-Aventura', 'PlayStation', 69.99),
    (28, 'Doom Eternal', 'Shooter', 'Xbox', 49.99),
    (29, 'Horizon Zero Dawn', 'Acción-Aventura', 'PlayStation', 39.99),
    (30, 'League of Legends', 'MOBA', 'PC', 9.99),
    (31, 'Persona 5 Strikers', 'RPG', 'PlayStation', 59.99),
    (32, 'The Sims 4', 'Simulación', 'PC', 39.99),
    (33, 'Demon Souls', 'Acción-Aventura', 'PlayStation', 69.99),
    (34, 'Hades', 'Roguelike', 'Nintendo Switch', 24.99),
    (35, 'Bioshock Infinite', 'Shooter', 'PC', 29.99),
    (36, 'Yakuza: Like a Dragon', 'RPG', 'Xbox', 59.99),
    (37, 'Watch Dogs: Legion', 'Acción-Aventura', 'PlayStation', 49.99),
    (38, 'Stardew Valley', 'Simulación', 'Nintendo Switch', 14.99),
    (39, 'Tom Clancy’s Rainbow Six Siege', 'Shooter', 'Xbox', 19.99),
    (40, 'Marvel’s Spider-Man: Miles Morales', 'Acción-Aventura', 'PlayStation', 49.99),
    (41, 'Genshin Impact', 'RPG', 'PlayStation', 4.99),
    (42, 'Civilization VI', 'Estrategia', 'PC', 59.99),
    (43, 'Sackboy: A Big Adventure', 'Plataformas', 'PlayStation', 59.99),
    (44, 'Dead by Daylight', 'Survival Horror', 'Xbox', 29.99),
    (45, 'Fornite', 'Battle Royale', 'PlayStation', 24.99),
    (46, 'Outer Wilds', 'Aventura', 'Xbox', 24.99),
    (47, 'Star Wars Jedi: Fallen Order', 'Acción-Aventura', 'PlayStation', 39.99),
    (48, 'No Man’s Sky', 'Aventura', 'PC', 49.99),
    (49, 'Nier Replicant ver.1.22474487139...', 'RPG', 'PlayStation', 59.99),
    (50, 'Subnautica', 'Aventura', 'Xbox', 29.99);
    (51, 'The Outer Worlds', 'RPG', 'Xbox', 39.99),
    (52, 'Assassins Creed Odyssey', 'Acción-Aventura', 'PlayStation', 59.99),
    (53, 'The Sims 3', 'Simulación', 'PC', 19.99),
    (54, 'Mortal Kombat 11', 'Lucha', 'Xbox', 49.99),
    (55, 'FIFA 23', 'Deportes', 'PlayStation', 59.99),
    (56, 'Forza Motorsport 7', 'Carreras', 'Xbox', 29.99),
    (57, 'Minecraft Dungeons', 'Acción-Aventura', 'Nintendo Switch', 29.99),
    (58, 'Street Fighter V', 'Lucha', 'PlayStation', 19.99),
    (59, 'Need for Speed: Heat', 'Carreras', 'Xbox', 49.99),
    (60, 'Super Mario 3D World + Bowser''s Fury', 'Plataformas', 'Nintendo Switch', 59.99),
    (61, 'Diablo III', 'RPG', 'PlayStation', 39.99),
    (62, 'Resident Evil 7: Biohazard', 'Survival Horror', 'Xbox', 29.99),
    (63, 'Stardew Valley', 'Simulación', 'PlayStation', 14.99),
    (64, 'Monster Hunter: World', 'Acción-Aventura', 'Xbox', 39.99),
    (65, 'God of War', 'Acción-Aventura', 'PlayStation', 19.99),
    (66, 'Rocket League', 'Deportes', 'Nintendo Switch', 19.99),
    (67, 'The Elder Scrolls Online', 'RPG', 'PC', 29.99),
    (68, 'DOOM', 'Shooter', 'PlayStation', 19.99),
    (69, 'Celeste', 'Plataformas', 'Xbox', 9.99),
    (70, 'NBA 2K22', 'Deportes', 'PlayStation', 59.99),
    (71, 'StarCraft II', 'Estrategia', 'PC', 5.99),
    (72, 'Kingdom Hearts III', 'RPG', 'PlayStation', 29.99),
    (73, 'Rogue Company', 'Shooter', 'Xbox', 5.99),
    (74, 'Cities: Skylines', 'Simulación', 'PC', 29.99),
    (75, 'Little Nightmares II', 'Aventura', 'PlayStation', 29.99);
    (76, 'Fallout 4', 'RPG', 'PlayStation', 19.99),
    (77, 'Cuphead', 'Plataformas', 'Xbox', 19.99),
    (78, 'Apex Legends', 'Shooter', 'PlayStation', 9.99),
    (79, 'Civilization V', 'Estrategia', 'PC', 29.99),
    (80, 'The Binding of Isaac: Rebirth', 'Roguelike', 'Nintendo Switch', 14.99),
    (81, 'Sekiro: Shadows Die Twice', 'Acción-Aventura', 'PlayStation', 59.99),
    (82, 'Terraria', 'Aventura', 'PC', 9.99),
    (83, 'A Plague Tale: Innocence', 'Aventura', 'PlayStation', 49.99),
    (84, 'Slay the Spire', 'Roguelike', 'Nintendo Switch', 19.99),
    (85, 'Rainbow Six: Extraction', 'Shooter', 'PlayStation', 59.99),
    (86, 'Disco Elysium', 'RPG', 'PC', 39.99),
    (87, 'Subnautica: Below Zero', 'Aventura', 'Nintendo Switch', 29.99),
    (88, 'Hollow Knight', 'Plataformas', 'Xbox', 14.99),
    (89, 'Control', 'Acción-Aventura', 'PlayStation', 39.99),
    (90, 'Dead Cells', 'Roguelike', 'PC', 24.99),
    (91, 'Hades', 'Roguelike', 'PlayStation', 24.99),
    (92, 'Ori and the Will of the Wisps', 'Plataformas', 'Xbox', 29.99),
    (93, 'Halo: The Master Chief Collection', 'Shooter', 'PC', 39.99),
    (94, 'The Witness', 'Aventura', 'PlayStation', 39.99),
    (95, 'Undertale', 'RPG', 'Nintendo Switch', 14.99),
    (96, 'Ori and the Blind Forest', 'Plataformas', 'Nintendo Switch', 19.99),
    (97, 'Stardew Valley', 'Simulación', 'Nintendo Switch', 14.99),
    (98, 'Divinity: Original Sin 2', 'RPG', 'PC', 44.99),
    (99, 'Celeste', 'Plataformas', 'Nintendo Switch', 9.99),
    (100, 'Firewatch', 'Aventura', 'PC', 19.99);

--Inventario
INSERT INTO Inventario (Id_inventario, Stock)
VALUES 
    (1, 50),
    (2, 30),
    (3, 75),
    (4, 20),
    (5, 60),
    (6, 45),
    (7, 55),
    (8, 25),
    (9, 40),
    (10, 70),
    (11, 90),
    (12, 15),
    (13, 80),
    (14, 35),
    (15, 65),
    (16, 85),
    (17, 10),
    (18, 50),
    (19, 30),
    (20, 75),
    (21, 20),
    (22, 60),
    (23, 45),
    (24, 55),
    (25, 25),
    (26, 40),
    (27, 70),
    (28, 90),
    (29, 15),
    (30, 80),
    (31, 35),
    (32, 65),
    (33, 85),
    (34, 10),
    (35, 50),
    (36, 30),
    (37, 75),
    (38, 20),
    (39, 60),
    (40, 45),
    (41, 55),
    (42, 25),
    (43, 40),
    (44, 70),
    (45, 90),
    (46, 15),
    (47, 80),
    (48, 35),
    (49, 65),
    (50, 85),
    (51, 10),
    (52, 50),
    (53, 30),
    (54, 75),
    (55, 20),
    (56, 60),
    (57, 45),
    (58, 55),
    (59, 25),
    (60, 40),
    (61, 70),
    (62, 90),
    (63, 15),
    (64, 80),
    (65, 35),
    (66, 65),
    (67, 85),
    (68, 10),
    (69, 50),
    (70, 30),
    (71, 75),
    (72, 20),
    (73, 60),
    (74, 45),
    (75, 55),
    (76, 25),
    (77, 40),
    (78, 70),
    (79, 90),
    (80, 15),
    (81, 80),
    (82, 35),
    (83, 65),
    (84, 85),
    (85, 10),
    (86, 50),
    (87, 30),
    (88, 75),
    (89, 20),
    (90, 60),
    (91, 45),
    (92, 55),
    (93, 25),
    (94, 40),
    (95, 70),
    (96, 90),
    (97, 15),
    (98, 80),
    (99, 35),
    (100, 65);

--Pedido
INSERT INTO Pedido (Id_pedido, Fecha_pedido, Estado_pedido)
VALUES 
    (1, '2023-01-01', 'Pendiente'),
    (2, '2023-01-02', 'En proceso'),
    (3, '2023-01-07', 'Entregado'),
    (4, '2023-01-04', 'Pendiente'),
    (5, '2023-01-07', 'En proceso'),
    (6, '2023-01-06', 'Entregado'),
    (7, '2023-01-07', 'Pendiente'),
    (8, '2023-01-08', 'En proceso'),
    (9, '2023-01-09', 'Entregado'),
    (10, '2023-01-10', 'Pendiente'),
    (11, '2023-01-11', 'En proceso'),
    (12, '2023-01-07', 'Entregado'),
    (13, '2023-01-13', 'Pendiente'),
    (14, '2023-01-14', 'En proceso'),
    (15, '2023-01-07', 'Entregado'),
    (16, '2023-01-16', 'Pendiente'),
    (17, '2023-01-07', 'En proceso'),
    (18, '2023-01-18', 'Entregado'),
    (19, '2023-01-19', 'Pendiente'),
    (20, '2023-01-07', 'En proceso'),
    (21, '2023-01-21', 'Entregado'),
    (22, '2023-01-07', 'Pendiente'),
    (23, '2023-01-23', 'En proceso'),
    (24, '2023-01-24', 'Entregado'),
    (25, '2023-01-25', 'Pendiente'),
    (26, '2023-01-26', 'En proceso'),
    (27, '2023-01-27', 'Entregado'),
    (28, '2023-01-28', 'Pendiente'),
    (29, '2023-01-29', 'En proceso'),
    (30, '2023-01-30', 'Entregado'),
    (31, '2023-02-01', 'Pendiente'),
    (32, '2023-02-02', 'En proceso'),
    (33, '2023-02-03', 'Entregado'),
    (34, '2023-02-04', 'Pendiente'),
    (35, '2023-02-05', 'En proceso'),
    (36, '2023-02-06', 'Entregado'),
    (37, '2023-02-07', 'Pendiente'),
    (38, '2023-02-08', 'En proceso'),
    (39, '2023-02-09', 'Entregado'),
    (40, '2023-02-10', 'Pendiente'),
    (41, '2023-02-11', 'En proceso'),
    (42, '2023-02-12', 'Entregado'),
    (43, '2023-02-13', 'Pendiente'),
    (44, '2023-02-14', 'En proceso'),
    (45, '2023-02-15', 'Entregado'),
    (46, '2023-02-16', 'Pendiente'),
    (47, '2023-02-17', 'En proceso'),
    (48, '2023-02-18', 'Entregado'),
    (49, '2023-02-19', 'Pendiente'),
    (50, '2023-02-20', 'En proceso'),
    (51, '2023-02-21', 'Entregado'),
    (52, '2023-02-22', 'Pendiente'),
    (53, '2023-02-23', 'En proceso'),
    (54, '2023-02-24', 'Entregado'),
    (55, '2023-02-25', 'Pendiente'),
    (56, '2023-02-26', 'En proceso'),
    (57, '2023-02-27', 'Entregado'),
    (58, '2023-02-28', 'Pendiente'),
    (59, '2023-03-01', 'En proceso'),
    (60, '2023-03-02', 'Entregado'),
    (61, '2023-03-03', 'Pendiente'),
    (62, '2023-03-04', 'En proceso'),
    (63, '2023-03-05', 'Entregado'),
    (64, '2023-03-06', 'Pendiente'),
    (65, '2023-03-07', 'En proceso'),
    (66, '2023-03-08', 'Entregado'),
    (67, '2023-03-09', 'Pendiente'),
    (68, '2023-03-10', 'En proceso'),
    (69, '2023-03-11', 'Entregado'),
    (70, '2023-03-12', 'Pendiente'),
    (71, '2023-03-13', 'En proceso'),
    (72, '2023-03-14', 'Entregado'),
    (73, '2023-03-15', 'Pendiente'),
    (74, '2023-03-16', 'En proceso'),
    (75, '2023-03-17', 'Entregado'),
    (76, '2023-03-18', 'Pendiente'),
    (77, '2023-03-19', 'En proceso'),
    (78, '2023-03-20', 'Entregado'),
    (79, '2023-03-21', 'Pendiente'),
    (80, '2023-03-22', 'En proceso'),
    (81, '2023-03-23', 'Entregado'),
    (82, '2023-03-24', 'Pendiente'),
    (83, '2023-03-25', 'En proceso'),
    (84, '2023-03-26', 'Entregado'),
    (85, '2023-03-27', 'Pendiente'),
    (86, '2023-03-28', 'En proceso'),
    (87, '2023-03-29', 'Entregado'),
    (88, '2023-03-30', 'Pendiente'),
    (89, '2023-03-31', 'En proceso'),
    (90, '2023-04-01', 'Entregado'),
    (91, '2023-04-02', 'Entregado'),
    (92, '2023-04-03', 'Entregado'),
    (93, '2023-04-04', 'Entregado'),
    (94, '2023-04-05', 'Entregado'),
    (95, '2023-04-06', 'Entregado'),
    (96, '2023-04-07', 'Entregado'),
    (97, '2023-04-08', 'Entregado'),
    (98, '2023-04-09', 'Entregado'),
    (99, '2023-04-10', 'Entregado'),
    (100, '2023-04-11', 'Pendiente');

--Ventas
INSERT INTO Ventas (Id_venta, Fecha_venta, Precio_total, Id_pedido)
VALUES 
    (1, '2023-01-01', 50, 1),
    (2, '2023-01-02', 75, 2),
    (3, '2023-01-03', 60, 3),
    (4, '2023-01-04', 40, 4),
    (5, '2023-01-05', 90, 5),
    (6, '2023-01-06', 55, 6),
    (7, '2023-01-07', 70, 7),
    (8, '2023-01-08', 65, 8),
    (9, '2023-01-09', 80, 9),
    (10, '2023-01-10', 100, 10),
    (11, '2023-01-11', 45, 11),
    (12, '2023-01-12', 85, 12),
    (13, '2023-01-13', 55, 13),
    (14, '2023-01-14', 70, 14),
    (15, '2023-01-15', 60, 15),
    (16, '2023-01-16', 75, 16),
    (17, '2023-01-17', 90, 17),
    (18, '2023-01-18', 80, 18),
    (19, '2023-01-19', 95, 19),
    (20, '2023-01-20', 110, 20),
    (21, '2023-01-21', 50, 21),
    (22, '2023-01-22', 65, 22),
    (23, '2023-01-23', 75, 23),
    (24, '2023-01-24', 85, 24),
    (25, '2023-01-25', 100, 25),
    (26, '2023-01-26', 45, 26),
    (27, '2023-01-27', 70, 27),
    (28, '2023-01-28', 80, 28),
    (29, '2023-01-29', 60, 29),
    (30, '2023-01-30', 75, 30),
    (31, '2023-01-31', 90, 31),
    (32, '2023-01-31', 55, 32),
    (33, '2023-01-31', 70, 33),
    (34, '2023-02-01', 80, 34),
    (35, '2023-02-02', 95, 35),
    (36, '2023-02-03', 110, 36),
    (37, '2023-02-04', 50, 37),
    (38, '2023-02-05', 65, 38),
    (39, '2023-02-06', 75, 39),
    (40, '2023-02-07', 85, 40),
    (41, '2023-02-08', 100, 41),
    (42, '2023-02-09', 45, 42),
    (43, '2023-02-10', 70, 43),
    (44, '2023-02-11', 80, 44),
    (45, '2023-02-12', 60, 45),
    (46, '2023-02-13', 75, 46),
    (47, '2023-02-14', 90, 47),
    (48, '2023-02-15', 80, 48),
    (49, '2023-02-16', 95, 49),
    (50, '2023-02-17', 110, 50),
    (51, '2023-02-18', 50, 51),
    (52, '2023-02-19', 65, 52),
    (53, '2023-02-20', 75, 53),
    (54, '2023-02-21', 85, 54),
    (55, '2023-02-22', 100, 55),
    (56, '2023-02-23', 45, 56),
    (57, '2023-02-24', 70, 57),
    (58, '2023-02-25', 80, 58),
    (59, '2023-02-26', 60, 59),
    (60, '2023-02-27', 75, 60),
    (61, '2023-02-28', 90, 61),
    (62, '2023-02-28', 55, 62),
    (63, '2023-02-28', 70, 63),
    (64, '2023-03-01', 80, 64),
    (65, '2023-03-02', 95, 65),
    (66, '2023-03-03', 110, 66),
    (67, '2023-03-04', 50, 67),
    (68, '2023-03-05', 65, 68),
    (69, '2023-03-06', 75, 69),
    (70, '2023-03-07', 85, 70),
    (71, '2023-03-08', 100, 71),
    (72, '2023-03-09', 45, 72),
    (73, '2023-03-10', 70, 73),
    (74, '2023-03-11', 80, 74),
    (75, '2023-03-12', 60, 75),
    (76, '2023-03-13', 75, 76),
    (77, '2023-03-14', 90, 77),
    (78, '2023-03-15', 80, 78),
    (79, '2023-03-16', 95, 79),
    (80, '2023-03-17', 110, 80),
    (81, '2023-03-18', 50, 81),
    (82, '2023-03-19', 65, 82),
    (83, '2023-03-20', 75, 83),
    (84, '2023-03-21', 85, 84),
    (85, '2023-03-22', 100, 85),
    (86, '2023-03-23', 45, 86),
    (87, '2023-03-24', 70, 87),
    (88, '2023-03-25', 80, 88),
    (89, '2023-03-26', 60, 89),
    (90, '2023-03-27', 75, 90),
    (91, '2023-03-28', 90, 91),
    (92, '2023-03-29', 55, 92),
    (93, '2023-03-30', 70, 93),
    (94, '2023-03-31', 80, 94),
    (95, '2023-04-01', 60, 95),
    (96, '2023-04-02', 75, 96),
    (97, '2023-04-03', 90, 97),
    (98, '2023-04-04', 50, 98),
    (99, '2023-04-05', 65, 99),
    (100, '2023-04-06', 75, 100);

--VentaJuegoCliente
INSERT INTO VentaJuegoCliente (Id_venta_cliente_, Estado_venta, Precio_venta, Fecha_venta)
VALUES 
    (1, 'En proceso', 50.00, '2023-01-01');
    (2, 'Entregado', 75.00, '2023-01-02'),
    (3, 'Pendiente', 60.00, '2023-01-03'),
    (4, 'En proceso', 40.00, '2023-01-04'),
    (5, 'Entregado', 90.00, '2023-01-05'),
    (6, 'Pendiente', 55,.00 '2023-01-06'),
    (7, 'En proceso', 70.00, '2023-01-07'),
    (8, 'Entregado', 65.00, '2023-01-08'),
    (9, 'Pendiente', 80.00, '2023-01-09'),
    (10, 'En proceso', 100.00, '2023-01-10'),
    (11, 'Entregado', 45.00, '2023-01-11'),
    (12, 'Pendiente', 85.00, '2023-01-12'),
    (13, 'En proceso', 55.00, '2023-01-13'),
    (14, 'Entregado', 70.00, '2023-01-14'),
    (15, 'Pendiente', 60,.00 '2023-01-15'),
    (16, 'En proceso', 75.00, '2023-01-16'),
    (17, 'Entregado', 90.00, '2023-01-17'),
    (18, 'Pendiente', 80.00, '2023-01-18'),
    (19, 'En proceso', 95.00, '2023-01-19'),
    (20, 'Entregado', 110.00, '2023-01-20'),
    (21, 'Pendiente', 50.00, '2023-01-21'),
    (22, 'En proceso', 65.00, '2023-01-22'),
    (23, 'Entregado', 75.00, '2023-01-23'),
    (24, 'Pendiente', 85.00, '2023-01-24'),
    (25, 'En proceso', 100.00, '2023-01-25'),
    (26, 'Entregado', 45.00, '2023-01-26'),
    (27, 'Pendiente', 70.00, '2023-01-27'),
    (28, 'En proceso', 80.00, '2023-01-28'),
    (29, 'Entregado', 60.00, '2023-01-29'),
    (30, 'Pendiente', 75.00, '2023-01-30'),
    (31, 'En proceso', 90.00, '2023-01-31'),
    (32, 'Entregado', 55.00, '2023-01-31'),
    (33, 'Pendiente', 70.00, '2023-01-31'),
    (34, 'En proceso', 80.00, '2023-02-01'),
    (35, 'Entregado', 95.00, '2023-02-02'),
    (36, 'Pendiente', 110.00, '2023-02-03'),
    (37, 'En proceso', 50.00, '2023-02-04'),
    (38, 'Entregado', 65.00, '2023-02-05'),
    (39, 'Pendiente', 75.00, '2023-02-06'),
    (40, 'En proceso', 85.00, '2023-02-07'),
    (41, 'Entregado', 100.00, '2023-02-08'),
    (42, 'Pendiente', 45.00, '2023-02-09'),
    (43, 'En proceso', 70.00, '2023-02-10'),
    (44, 'Entregado', 80.00, '2023-02-11'),
    (45, 'Pendiente', 60.00, '2023-02-12'),
    (46, 'En proceso', 75.00, '2023-02-13'),
    (47, 'Entregado', 90.00, '2023-02-14'),
    (48, 'Pendiente', 80.00, '2023-02-15'),
    (49, 'En proceso', 95.00, '2023-02-16'),
    (50, 'Entregado', 110.00, '2023-02-17'),
    (51, 'Pendiente', 50.00, '2023-02-18'),
    (52, 'En proceso', 65.00, '2023-02-19'),
    (53, 'Entregado', 75.00, '2023-02-20'),
    (54, 'Pendiente', 85.00, '2023-02-21'),
    (55, 'En proceso', 100.00, '2023-02-22'),
    (56, 'Entregado', 45.00, '2023-02-23'),
    (57, 'Pendiente', 70.00, '2023-02-24'),
    (58, 'En proceso', 80.00, '2023-02-25'),
    (59, 'Entregado', 60.00, '2023-02-26'),
    (60, 'Pendiente', 75.00, '2023-02-27'),
    (61, 'En proceso', 90.00, '2023-02-28'),
    (62, 'Entregado', 55.00, '2023-02-28'),
    (63, 'Pendiente', 70.00, '2023-02-28'),
    (64, 'En proceso', 80.00, '2023-03-01'),
    (65, 'Entregado', 95.00, '2023-03-02'),
    (66, 'Pendiente', 110.00, '2023-03-03'),
    (67, 'En proceso', 50.00, '2023-03-04'),
    (68, 'Entregado', 65.00, '2023-03-05'),
    (69, 'Pendiente', 75.00, '2023-03-06'),
    (70, 'En proceso', 85.00, '2023-03-07'),
    (71, 'Entregado', 100.00, '2023-03-08'),
    (72, 'Pendiente', 45.00, '2023-03-09'),
    (73, 'En proceso', 70.00, '2023-03-10'),
    (74, 'Entregado', 80.00, '2023-03-11'),
    (75, 'Pendiente', 60.00, '2023-03-12'),
    (76, 'En proceso', 75.00, '2023-03-13'),
    (77, 'Entregado', 90.00, '2023-03-14'),
    (78, 'Pendiente', 80.00, '2023-03-15'),
    (79, 'En proceso', 95.00, '2023-03-16'),
    (80, 'Entregado', 110.00, '2023-03-17'),
    (81, 'Pendiente', 50.00, '2023-03-18'),
    (82, 'En proceso', 65.00, '2023-03-19'),
    (83, 'Entregado', 75.00, '2023-03-20'),
    (84, 'Pendiente', 85.00, '2023-03-21'),
    (85, 'En proceso', 100.00, '2023-03-22'),
    (86, 'Entregado', 45.00, '2023-03-23'),
    (87, 'Pendiente', 70.00, '2023-03-24'),
    (88, 'En proceso', 80.00, '2023-03-25'),
    (89, 'Entregado', 60.00, '2023-03-26'),
    (90, 'Pendiente', 75.00, '2023-03-27'),
    (91, 'En proceso', 90.00, '2023-03-28'),
    (92, 'Entregado', 55.00, '2023-03-29'),
    (93, 'Pendiente', 70.00, '2023-03-30'),
    (94, 'En proceso', 80.00, '2023-03-31'),
    (95, 'Entregado', 60.00, '2023-04-01'),
    (96, 'Pendiente', 75.00, '2023-04-02'),
    (97, 'En proceso', 90.00, '2023-04-03'),
    (98, 'Entregado', 50.00, '2023-04-04'),
    (99, 'Pendiente', 65.00, '2023-04-05'),
    (100, 'En proceso', 75.00, '2023-04-06');

--HistorialCompras
INSERT INTO HistorialCompras (Compras_realizadas, Id_historial, Id_cliente, Id_pedido)
VALUES 
    (10, 1, 1, 1),
    (5, 2, 2, 2),
    (8, 3, 3, 3),
    (12, 4, 4, 4),
    (7, 5, 5, 5),
    (9, 6, 6, 6),
    (11, 7, 7, 7),
    (6, 8, 8, 8),
    (14, 9, 9, 9),
    (3, 10, 10, 10),
    (13, 11, 11, 11),
    (8, 12, 12, 12),
    (4, 13, 13, 13),
    (7, 14, 14, 14),
    (9, 15, 15, 15),
    (5, 16, 16, 16),
    (12, 17, 17, 17),
    (6, 18, 18, 18),
    (11, 19, 19, 19),
    (10, 20, 20, 20),
    (9, 21, 21, 21),
    (14, 22, 22, 22),
    (7, 23, 23, 23),
    (8, 24, 24, 24),
    (12, 25, 25, 25),
    (5, 26, 26, 26),
    (10, 27, 27, 27),
    (13, 28, 28, 28),
    (6, 29, 29, 29),
    (11, 30, 30, 30),
    (7, 31, 31, 31),
    (9, 32, 32, 32),
    (12, 33, 33, 33),
    (5, 34, 34, 34),
    (8, 35, 35, 35),
    (14, 36, 36, 36),
    (6, 37, 37, 37),
    (11, 38, 38, 38),
    (10, 39, 39, 39),
    (9, 40, 40, 40),
    (7, 41, 41, 41),
    (13, 42, 42, 42),
    (8, 43, 43, 43),
    (12, 44, 44, 44),
    (5, 45, 45, 45),
    (10, 46, 46, 46),
    (14, 47, 47, 47),
    (6, 48, 48, 48),
    (9, 49, 49, 49),
    (11, 50, 50, 50),
    (8, 51, 51, 51),
    (12, 52, 52, 52),
    (7, 53, 53, 53),
    (13, 54, 54, 54),
    (5, 55, 55, 55),
    (9, 56, 56, 56),
    (11, 57, 57, 57),
    (6, 58, 58, 58),
    (8, 59, 59, 59),
    (10, 60, 60, 60),
    (7, 61, 61, 61),
    (12, 62, 62, 62),
    (14, 63, 63, 63),
    (13, 64, 64, 64),
    (5, 65, 65, 65),
    (10, 66, 66, 66),
    (9, 67, 67, 67),
    (11, 68, 68, 68),
    (6, 69, 69, 69),
    (7, 70, 70, 70),
    (12, 71, 71, 71),
    (8, 72, 72, 72),
    (14, 73, 73, 73),
    (13, 74, 74, 74),
    (9, 75, 75, 75),
    (10, 76, 76, 76),
    (5, 77, 77, 77),
    (11, 78, 78, 78),
    (6, 79, 79, 79),
    (7, 80, 80, 80),
    (8, 81, 81, 81),
    (12, 82, 82, 82),
    (14, 83, 83, 83),
    (9, 84, 84, 84),
    (10, 85, 85, 85),
    (13, 86, 86, 86),
    (6, 87, 87, 87),
    (11, 88, 88, 88),
    (5, 89, 89, 89),
    (7, 90, 90, 90),
    (12, 91, 91, 91),
    (8, 92, 92, 92),
    (14, 93, 93, 93),
    (9, 94, 94, 94),
    (13, 95, 95, 95),
    (10, 96, 96, 96),
    (11, 97, 97, 97),
    (6, 98, 98, 98),
    (12, 99, 99, 99),
    (7, 100, 100, 100);

--Realiza_pedido
INSERT INTO Realiza_pedido (Id_cliente, Id_pedido)
VALUES 
    (1, 1),
    (2, 2),
    (3, 3),
    (4, 4),
    (5, 5),
    (6, 6),
    (7, 7),
    (8, 8),
    (9, 9),
    (10, 10),
    (11, 11),
    (12, 12),
    (13, 13),
    (14, 14),
    (15, 15),
    (16, 16),
    (17, 17),
    (18, 18),
    (19, 19),
    (20, 20),
    (21, 21),
    (22, 22),
    (23, 23),
    (24, 24),
    (25, 25),
    (26, 26),
    (27, 27),
    (28, 28),
    (29, 29),
    (30, 30),
    (31, 31),
    (32, 32),
    (33, 33),
    (34, 34),
    (35, 35),
    (36, 36),
    (37, 37),
    (38, 38),
    (39, 39),
    (40, 40),
    (41, 41),
    (42, 42),
    (43, 43),
    (44, 44),
    (45, 45),
    (46, 46),
    (47, 47),
    (48, 48),
    (49, 49),
    (50, 50),
    (51, 51),
    (52, 52),
    (53, 53),
    (54, 54),
    (55, 55),
    (56, 56),
    (57, 57),
    (58, 58),
    (59, 59),
    (60, 60),
    (61, 61),
    (62, 62),
    (63, 63),
    (64, 64),
    (65, 65),
    (66, 66),
    (67, 67),
    (68, 68),
    (69, 69),
    (70, 70),
    (71, 71),
    (72, 72),
    (73, 73),
    (74, 74),
    (75, 75),
    (76, 76),
    (77, 77),
    (78, 78),
    (79, 79),
    (80, 80),
    (81, 81),
    (82, 82),
    (83, 83),
    (84, 84),
    (85, 85),
    (86, 86),
    (87, 87),
    (88, 88),
    (89, 89),
    (90, 90),
    (91, 91),
    (92, 92),
    (93, 93),
    (94, 94),
    (95, 95),
    (96, 96),
    (97, 97),
    (98, 98),
    (99, 99),
    (100, 100);

--Pedido_Contiene
INSERT INTO Pedido_Contiene (Id_pedido, Id_juego)
VALUES 
    (1, 1),
    (1, 2),
    (1, 3),
    (1, 4),
    (2, 5),
    (2, 6),
    (2, 7),
    (2, 8),
    (3, 9),
    (3, 10),
    (3, 11),
    (3, 12),
    (4, 13),
    (4, 14),
    (4, 15),
    (4, 16),
    (5, 17),
    (5, 18),
    (5, 19),
    (5, 20),
    (6, 21),
    (6, 22),
    (6, 23),
    (6, 24),
    (7, 25),
    (7, 26),
    (7, 27),
    (7, 28),
    (8, 29),
    (8, 30),
    (8, 31),
    (8, 32),
    (9, 33),
    (9, 34),
    (9, 35),
    (9, 36),
    (10, 37),
    (10, 38),
    (10, 39),
    (10, 40),
    (11, 41),
    (11, 42),
    (11, 43),
    (11, 44),
    (12, 45),
    (12, 46),
    (12, 47),
    (12, 48),
    (13, 49),
    (13, 50),
    (13, 51),
    (13, 52),
    (14, 53),
    (14, 54),
    (14, 55),
    (14, 56),
    (15, 57),
    (15, 58),
    (15, 59),
    (15, 60),
    (16, 61),
    (16, 62),
    (16, 63),
    (16, 64),
    (17, 65),
    (17, 66),
    (17, 67),
    (17, 68),
    (18, 69),
    (18, 70),
    (18, 71),
    (18, 72),
    (19, 73),
    (19, 74),
    (19, 75),
    (19, 76),
    (20, 77),
    (20, 78),
    (20, 79),
    (20, 80),
    (21, 81),
    (21, 82),
    (21, 83),
    (21, 84),
    (22, 85),
    (22, 86),
    (22, 87),
    (22, 88),
    (23, 89),
    (23, 90),
    (23, 91),
    (23, 92),
    (24, 93),
    (24, 94),
    (24, 95),
    (24, 96),
    (25, 97),
    (25, 98),
    (25, 99),
    (25, 100);

--Hay_stock
INSERT INTO Hay_stock (Id_inventario, Id_juego)
VALUES 
    (1, 1),
    (1, 2),
    (1, 3),
    (1, 4),
    (2, 5),
    (2, 6),
    (2, 7),
    (2, 8),
    (3, 9),
    (3, 10),
    (3, 11),
    (3, 12),
    (4, 13),
    (4, 14),
    (4, 15),
    (4, 16),
    (5, 17),
    (5, 18),
    (5, 19),
    (5, 20),
    (6, 21),
    (6, 22),
    (6, 23),
    (6, 24),
    (7, 25),
    (7, 26),
    (7, 27),
    (7, 28),
    (8, 29),
    (8, 30),
    (8, 31),
    (8, 32),
    (9, 33),
    (9, 34),
    (9, 35),
    (9, 36),
    (10, 37),
    (10, 38),
    (10, 39),
    (10, 40),
    (11, 41),
    (11, 42),
    (11, 43),
    (11, 44),
    (12, 45),
    (12, 46),
    (12, 47),
    (12, 48),
    (13, 49),
    (13, 50),
    (13, 51),
    (13, 52),
    (14, 53),
    (14, 54),
    (14, 55),
    (14, 56),
    (15, 57),
    (15, 58),
    (15, 59),
    (15, 60),
    (16, 61),
    (16, 62),
    (16, 63),
    (16, 64),
    (17, 65),
    (17, 66),
    (17, 67),
    (17, 68),
    (18, 69),
    (18, 70),
    (18, 71),
    (18, 72),
    (19, 73),
    (19, 74),
    (19, 75),
    (19, 76),
    (20, 77),
    (20, 78),
    (20, 79),
    (20, 80),
    (21, 81),
    (21, 82),
    (21, 83),
    (21, 84),
    (22, 85),
    (22, 86),
    (22, 87),
    (22, 88),
    (23, 89),
    (23, 90),
    (23, 91),
    (23, 92),
    (24, 93),
    (24, 94),
    (24, 95),
    (24, 96),
    (25, 97),
    (25, 98),
    (25, 99),
    (25, 100);

--Cliente_Vende_juego
INSERT INTO Cliente_Vende_juego (Cantidad_Juegos_vendidos, Id_cliente, Id_venta_cliente_)
VALUES 
    (1, 1, 1),
    (2, 2, 2),
    (3, 3, 3),
    (4, 4, 4),
    (5, 5, 5),
    (6, 6, 6),
    (7, 7, 7),
    (8, 8, 8),
    (9, 9, 9),
    (10, 10, 10),
    (11, 11, 11),
    (12, 12, 12),
    (13, 13, 13),
    (14, 14, 14),
    (15, 15, 15),
    (16, 16, 16),
    (17, 17, 17),
    (18, 18, 18),
    (19, 19, 19),
    (20, 20, 20),
    (21, 21, 21),
    (22, 22, 22),
    (23, 23, 23),
    (24, 24, 24),
    (25, 25, 25),
    (26, 26, 26),
    (27, 27, 27),
    (28, 28, 28),
    (29, 29, 29),
    (30, 30, 30),
    (31, 31, 31),
    (32, 32, 32),
    (33, 33, 33),
    (34, 34, 34),
    (35, 35, 35),
    (36, 36, 36),
    (37, 37, 37),
    (38, 38, 38),
    (39, 39, 39),
    (40, 40, 40),
    (41, 41, 41),
    (42, 42, 42),
    (43, 43, 43),
    (44, 44, 44),
    (45, 45, 45),
    (46, 46, 46),
    (47, 47, 47),
    (48, 48, 48),
    (49, 49, 49),
    (50, 50, 50),
    (51, 51, 51),
    (52, 52, 52),
    (53, 53, 53),
    (54, 54, 54),
    (55, 55, 55),
    (56, 56, 56),
    (57, 57, 57),
    (58, 58, 58),
    (59, 59, 59),
    (60, 60, 60),
    (61, 61, 61),
    (62, 62, 62),
    (63, 63, 63),
    (64, 64, 64),
    (65, 65, 65),
    (66, 66, 66),
    (67, 67, 67),
    (68, 68, 68),
    (69, 69, 69),
    (70, 70, 70),
    (71, 71, 71),
    (72, 72, 72),
    (73, 73, 73),
    (74, 74, 74),
    (75, 75, 75),
    (76, 76, 76),
    (77, 77, 77),
    (78, 78, 78),
    (79, 79, 79),
    (80, 80, 80),
    (81, 81, 81),
    (82, 82, 82),
    (83, 83, 83),
    (84, 84, 84),
    (85, 85, 85),
    (86, 86, 86),
    (87, 87, 87),
    (88, 88, 88),
    (89, 89, 89),
    (90, 90, 90),
    (91, 91, 91),
    (92, 92, 92),
    (93, 93, 93),
    (94, 94, 94),
    (95, 95, 95),
    (96, 96, 96),
    (97, 97, 97),
    (98, 98, 98),
    (99, 99, 99),
    (100, 100, 100);

--VentaContiene_juego
INSERT INTO VentaContiene_juego (Id_venta_cliente_, Id_juego)
VALUES 
    (1, 1),
    (1, 2),
    (1, 3),
    (1, 4),
    (2, 5),
    (2, 6),
    (2, 7),
    (2, 8),
    (3, 9),
    (3, 10),
    (3, 11),
    (3, 12),
    (4, 13),
    (4, 14),
    (4, 15),
    (4, 16),
    (5, 17),
    (5, 18),
    (5, 19),
    (5, 20),
    (6, 21),
    (6, 22),
    (6, 23),
    (6, 24),
    (7, 25),
    (7, 26),
    (7, 27),
    (7, 28),
    (8, 29),
    (8, 30),
    (8, 31),
    (8, 32),
    (9, 33),
    (9, 34),
    (9, 35),
    (9, 36),
    (10, 37),
    (10, 38),
    (10, 39),
    (10, 40),
    (11, 41),
    (11, 42),
    (11, 43),
    (11, 44),
    (12, 45),
    (12, 46),
    (12, 47),
    (12, 48),
    (13, 49),
    (13, 50),
    (13, 51),
    (13, 52),
    (14, 53),
    (14, 54),
    (14, 55),
    (14, 56),
    (15, 57),
    (15, 58),
    (15, 59),
    (15, 60),
    (16, 61),
    (16, 62),
    (16, 63),
    (16, 64),
    (17, 65),
    (17, 66),
    (17, 67),
    (17, 68),
    (18, 69),
    (18, 70),
    (18, 71),
    (18, 72),
    (19, 73),
    (19, 74),
    (19, 75),
    (19, 76),
    (20, 77),
    (20, 78),
    (20, 79),
    (20, 80),
    (21, 81),
    (21, 82),
    (21, 83),
    (21, 84),
    (22, 85),
    (22, 86),
    (22, 87),
    (22, 88),
    (23, 89),
    (23, 90),
    (23, 91),
    (23, 92),
    (24, 93),
    (24, 94),
    (24, 95),
    (24, 96),
    (25, 97),
    (25, 98),
    (25, 99),
    (25, 100);

--Detalles_Pedido
INSERT INTO Detalles_Pedido (Id_detalles, Cantidad, Precio_unitario, Id_pedido, Id_juego)
VALUES 
    (1, 1, 20.00, 1, 1),
    (2, 2, 25.00, 2, 2),
    (3, 3, 30.00, 3, 3),
    (4, 4, 35.00, 4, 4),
    (5, 5, 40.00, 5, 5),
    (6, 6, 45.00, 6, 6),
    (7, 7, 50.00, 7, 7),
    (8, 8, 55.00, 8, 8),
    (9, 9, 60.00, 9, 9),
    (10, 10, 65.00, 10, 10),
    (11, 11, 70.00, 11, 11),
    (12, 12, 75.00, 12, 12),
    (13, 13, 80.00, 13, 13),
    (14, 14, 85.00, 14, 14),
    (15, 15, 90.00, 15, 15),
    (16, 16, 95.00, 16, 16),
    (17, 17, 100.00, 17, 17),
    (18, 18, 105.00, 18, 18),
    (19, 19, 110.00, 19, 19),
    (20, 20, 115.00, 20, 20),
    (21, 21, 120.00, 21, 21),
    (22, 22, 125.00, 22, 22),
    (23, 23, 130.00, 23, 23),
    (24, 24, 135.00, 24, 24),
    (25, 25, 140.00, 25, 25),
    (26, 26, 145.00, 26, 26),
    (27, 27, 150.00, 27, 27),
    (28, 28, 155.00, 28, 28),
    (29, 29, 160.00, 29, 29),
    (30, 30, 165.00, 30, 30),
    (31, 31, 170.00, 31, 31),
    (32, 32, 175.00, 32, 32),
    (33, 33, 180.00, 33, 33),
    (34, 34, 185.00, 34, 34),
    (35, 35, 190.00, 35, 35),
    (36, 36, 195.00, 36, 36),
    (37, 37, 200.00, 37, 37),
    (38, 38, 205.00, 38, 38),
    (39, 39, 210, 39, 39),
    (40, 40, 215.00, 40, 40),
    (41, 41, 220.00, 41, 41),
    (42, 42, 225.00, 42, 42),
    (43, 43, 230.00, 43, 43),
    (44, 44, 235.00, 44, 44),
    (45, 45, 240.00, 45, 45),
    (46, 46, 245.00, 46, 46),
    (47, 47, 250.00, 47, 47),
    (48, 48, 255.00, 48, 48),
    (49, 49, 260.00, 49, 49),
    (50, 50, 265.00, 50, 50),
    (51, 51, 270.00, 51, 51),
    (52, 52, 275.00, 52, 52),
    (53, 53, 280.00, 53, 53),
    (54, 54, 285.00, 54, 54),
    (55, 55, 290.00, 55, 55),
    (56, 56, 295.00, 56, 56),
    (57, 57, 300.00, 57, 57),
    (58, 58, 305.00, 58, 58),
    (59, 59, 310.00, 59, 59),
    (60, 60, 315.00, 60, 60),
    (61, 61, 320.00, 61, 61),
    (62, 62, 325.00, 62, 62),
    (63, 63, 330.00, 63, 63),
    (64, 64, 335.00, 64, 64),
    (65, 65, 340.00, 65, 65),
    (66, 66, 345.00, 66, 66),
    (67, 67, 350.00, 67, 67),
    (68, 68, 355.00, 68, 68),
    (69, 69, 360.00, 69, 69),
    (70, 70, 365.00, 70, 70),
    (71, 71, 370.00, 71, 71),
    (72, 72, 375.00, 72, 72),
    (73, 73, 380.00, 73, 73),
    (74, 74, 385.00, 74, 74),
    (75, 75, 390.00, 75, 75),
    (76, 76, 395.00, 76, 76),
    (77, 77, 400.00, 77, 77),
    (78, 78, 405.00, 78, 78),
    (79, 79, 410.00, 79, 79),
    (80, 80, 415.00, 80, 80),
    (81, 81, 420.00, 81, 81),
    (82, 82, 425.00, 82, 82),
    (83, 83, 430.00, 83, 83),
    (84, 84, 435.00, 84, 84),
    (85, 85, 440.00, 85, 85),
    (86, 86, 445.00, 86, 86),
    (87, 87, 450.00, 87, 87),
    (88, 88, 455.00, 88, 88),
    (89, 89, 460.00, 89, 89),
    (90, 90, 465.00, 90, 90),
    (91, 91, 470.00, 91, 91),
    (92, 92, 475.00, 92, 92),
    (93, 93, 480.00, 93, 93),
    (94, 94, 485.00, 94, 94),
    (95, 95, 490.00, 95, 95),
    (96, 96, 495.00, 96, 96),
    (97, 97, 500.00, 97, 97),
    (98, 98, 505.00, 98, 98),
    (99, 99, 510.00, 99, 99),
    (100, 100, 515.00, 100, 100);

    --Compra_Juegos
    INSERT INTO Compra_Juegos (Id_cliente, Id_venta)
VALUES 
    (1, 1),
    (2, 2),
    (3, 3),
    (4, 4),
    (5, 5),
    (6, 6),
    (7, 7),
    (8, 8),
    (9, 9),
    (10, 10),
    (11, 11),
    (12, 12),
    (13, 13),
    (14, 14),
    (15, 15),
    (16, 16),
    (17, 17),
    (18, 18),
    (19, 19),
    (20, 20),
    (21, 21),
    (22, 22),
    (23, 23),
    (24, 24),
    (25, 25),
    (26, 26),
    (27, 27),
    (28, 28),
    (29, 29),
    (30, 30),
    (31, 31),
    (32, 32),
    (33, 33),
    (34, 34),
    (35, 35),
    (36, 36),
    (37, 37),
    (38, 38),
    (39, 39),
    (40, 40),
    (41, 41),
    (42, 42),
    (43, 43),
    (44, 44),
    (45, 45),
    (46, 46),
    (47, 47),
    (48, 48),
    (49, 49),
    (50, 50),
    (51, 51),
    (52, 52),
    (53, 53),
    (54, 54),
    (55, 55),
    (56, 56),
    (57, 57),
    (58, 58),
    (59, 59),
    (60, 60),
    (61, 61),
    (62, 62),
    (63, 63),
    (64, 64),
    (65, 65),
    (66, 66),
    (67, 67),
    (68, 68),
    (69, 69),
    (70, 70),
    (71, 71),
    (72, 72),
    (73, 73),
    (74, 74),
    (75, 75),
    (76, 76),
    (77, 77),
    (78, 78),
    (79, 79),
    (80, 80),
    (81, 81),
    (82, 82),
    (83, 83),
    (84, 84),
    (85, 85),
    (86, 86),
    (87, 87),
    (88, 88),
    (89, 89),
    (90, 90),
    (91, 91),
    (92, 92),
    (93, 93),
    (94, 94),
    (95, 95),
    (96, 96),
    (97, 97),
    (98, 98),
    (99, 99),
    (100, 100);

--Realiza_venta
INSERT INTO Realiza_venta (Id_empleado, Id_venta)
VALUES 
    (1, 1),
    (2, 2),
    (3, 3),
    (4, 4),
    (5, 5),
    (6, 6),
    (7, 7),
    (8, 8),
    (9, 9),
    (10, 10),
    (11, 11),
    (12, 12),
    (13, 13),
    (14, 14),
    (15, 15),
    (16, 16),
    (17, 17),
    (18, 18),
    (19, 19),
    (20, 20),
    (21, 21),
    (22, 22),
    (23, 23),
    (24, 24),
    (25, 25),
    (26, 26),
    (27, 27),
    (28, 28),
    (29, 29),
    (30, 30),
    (31, 31),
    (32, 32),
    (33, 33),
    (34, 34),
    (35, 35),
    (36, 36),
    (37, 37),
    (38, 38),
    (39, 39),
    (40, 40),
    (41, 41),
    (42, 42),
    (43, 43),
    (44, 44),
    (45, 45),
    (46, 46),
    (47, 47),
    (48, 48),
    (49, 49),
    (50, 50),
    (51, 51),
    (52, 52),
    (53, 53),
    (54, 54),
    (55, 55),
    (56, 56),
    (57, 57),
    (58, 58),
    (59, 59),
    (60, 60),
    (61, 61),
    (62, 62),
    (63, 63),
    (64, 64),
    (65, 65),
    (66, 66),
    (67, 67),
    (68, 68),
    (69, 69),
    (70, 70),
    (71, 71),
    (72, 72),
    (73, 73),
    (74, 74),
    (75, 75),
    (76, 76),
    (77, 77),
    (78, 78),
    (79, 79),
    (80, 80),
    (81, 81),
    (82, 82),
    (83, 83),
    (84, 84),
    (85, 85),
    (86, 86),
    (87, 87),
    (88, 88),
    (89, 89),
    (90, 90),
    (91, 91),
    (92, 92),
    (93, 93),
    (94, 94),
    (95, 95),
    (96, 96),
    (97, 97),
    (98, 98),
    (99, 99),
    (100, 100);
